0,mp-10114
1,mp-1018041
2,mp-1019110
3,mp-12355
4,mp-12480
5,mp-12487
6,mp-15257
7,mp-19113
8,mp-20799
9,mp-21001
10,mp-21248
11,mp-23084
12,mp-23275
13,mp-23339
14,mp-2387
15,mp-24034
16,mp-28435
17,mp-2908
18,mp-29579
19,mp-29796
20,mp-30055
21,mp-3075
22,mp-31793
23,mp-31808
24,mp-32041
25,mp-32736
26,mp-34144
27,mp-3799
28,mp-4034
29,mp-41732
30,mp-4341
31,mp-505216
32,mp-5380
33,mp-540352
34,mp-540946
35,mp-541044
36,mp-541594
37,mp-5477
38,mp-555447
39,mp-557769
40,mp-558875
41,mp-560768
42,mp-561117
43,mp-566057
44,mp-567600
45,mp-568944
46,mp-569396
47,mp-569482
48,mp-569945
49,mp-571420
50,mp-581990
51,mp-6219
52,mp-633688
53,mp-642646
54,mp-642831
55,mp-651268
56,mp-675028
57,mp-7090
58,mp-7223
59,mp-734019
60,mp-743928
61,mp-753472
62,mp-753497
63,mp-754118
64,mp-754249
65,mp-755009
66,mp-755364
67,mp-758115
68,mp-761650
69,mp-763957
70,mp-766236
71,mp-767302
72,mp-769707
73,mp-769727
74,mp-770215
75,mp-771075
76,mp-772260
77,mp-772343
78,mp-772365
79,mp-772777
80,mp-773411
81,mp-775132
82,mp-779364
83,mp-781076
84,mp-849412
85,mp-849977
86,mp-850079
87,mp-862431
88,mp-866056
89,mp-866076
90,mp-8675
91,mp-8989
92,mp-961653
93,mp-9712
94,mp-974981
95,mp-975198
96,mp-977189
97,mp-978908
98,mp-980063
99,mp-999072
